{
  "n_samples":13969,
  "n_clusters":20,
  "inertia":7478.1704101562,
  "silhouette_score":0.0725011379,
  "cluster_sizes":{
    "0":994,
    "1":788,
    "2":594,
    "3":1309,
    "4":453,
    "5":884,
    "6":492,
    "7":814,
    "8":589,
    "9":432,
    "10":1136,
    "11":740,
    "12":474,
    "13":681,
    "14":604,
    "15":288,
    "16":485,
    "17":1069,
    "18":192,
    "19":951
  },
  "trained_at":"2025-12-05T01:17:46.573838"
}