{
  "n_samples":2000,
  "n_clusters":6,
  "inertia":1091.8851318359,
  "silhouette_score":0.1134559661,
  "cluster_sizes":{
    "0":348,
    "1":845,
    "2":262,
    "3":175,
    "4":130,
    "5":240
  },
  "trained_at":"2025-12-05T04:02:56.102211"
}